alleleName,alleleNameLabel,expressingPhenotypeName,expressingPhenotypeWild,dominance
cn64,cn64,dpy-10,0,0
cn64,cn64,rol,0,1
eT1(III),eT1(III),eT1IIIhet_aneuploid,0,1
eT1(III),eT1(III),eT1IIIhomozygote_aneuploid,0,0
eT1(V),eT1(V),eT1Vhet_aneuploid,0,1
eT1(V),eT1(V),eT1Vhomozygote_aneuploid,0,0
ed3,ed3,unc-119,0,0
md299,md299,unc-18,0,0
n765,n765,lin-15B,0,0
ox1059,ox1059,YFP(pharynx),0,2
ox1059,ox1059,lin-15A,1,2
ox1059,ox1059,lin-15B,1,2
oxEx219999,oxEx219999,paralyzed,0,2
oxEx2254,oxEx2254,Flp,1,2
oxEx2254,oxEx2254,NeoR,0,2
oxEx2254,oxEx2254,mScarlet(coel),0,2
oxEx2254,oxEx2254,unc-119,1,2
oxIs12,oxIs12,GFP-NLS,0,2
oxIs12,oxIs12,unc-18,1,2
oxIs644,oxIs644,YFP(pharynx),0,2
oxIs644,oxIs644,mCherry,0,2
oxIs644,oxIs644,unc-119,0,2
oxSi1168,oxSi1168,Flp,1,2
oxSi1168,oxSi1168,NeoR,0,2
oxSi1168,oxSi1168,mScarlet(coel),0,2
oxSi1168,oxSi1168,unc-119,1,2
oxTi302,oxTi302,mCherry,0,2
oxTi302,oxTi302,unc-119,1,2
oxTi75,oxTi75,GFP-NLS,0,2
oxTi75,oxTi75,unc-18,1,2
tmC5,tmC5,mec-3,0,0
tmC5,tmC5,unc-31,0,0
tmC5[F36H1.3(tmIs1220)],tmC5[F36H1.3(tmIs1220)],YFP(pharynx),0,2
tmC5[F36H1.3(tmIs1220)],tmC5[F36H1.3(tmIs1220)],mec-3,0,0
tmC5[F36H1.3(tmIs1220)],tmC5[F36H1.3(tmIs1220)],unc-31,0,0
